Links,Parser
https://nhadat247.com.vn/ban-nha-rieng/ban-nha-4t-van-tri-minh-khai-tu-liem-32m2-mt3-7m-2-70-ty-pr105183.html,nhadat247_com_vn
https://nhadat247.com.vn/ban-nha-rieng/nha-4t-40m-3-65-tyvan-la-ha-dong-pr82076.html,nhadat247_com_vn
https://nhadat247.com.vn/ban-nha-rieng/ban-nha-2tang-to-7-phu-luong-hd-oto-do-cua-48m2-mt4-5m-2-75-ty-pr100032.html,nhadat247_com_vn
https://nhadat247.com.vn/ban-nha-biet-thu-lien-ke/ban-biet-thu-3-5-tang-khu-dt-van-phu-ha-dong-205m2-16ty-pr100609.html,nhadat247_com_vn
https://nhadat247.com.vn/ban-dat/ban-dat-pho-xom-ha-dong-40m2-1-35ty-pr93808.html,nhadat247_com_vn
https://nhadat247.com.vn/ban-nha-rieng/ban-nha-c4-tai-ngo-dien-may-binh-minh-t-oai-21b-54m2-1-1-ty-pr103949.html,nhadat247_com_vn
https://nhadat247.com.vn/ban-nha-mat-pho/nha-dat-100m2duong-3-container-tranh-phung-hung-hd-14-9-ty-pr88740.html,nhadat247_com_vn
https://nhadat247.com.vn/ban-nha-rieng/ban-nha-2-tang-khu-tt-co-ngua-58-3m2-o-to-do-cua-4-9-ty-pr94000.html,nhadat247_com_vn
https://nhadat247.com.vn/ban-nha-biet-thu-lien-ke/ban-biet-thu-5-khu-dtm-cau-buou-293m2-4-mat-thoang-19-3ty-pr95590.html,nhadat247_com_vn
https://nhadat247.com.vn/ban-dat/ban-dat-tang-nha-2t-dv-dia-lao-mau-luong-50m2-3-95-ty-pr104211.html,nhadat247_com_vn
